variable,kind,level,group_a,group_b,value_a,value_b,difference,standardized_difference,review_flag
recency,continuous,,No E-Mail,Mens E-Mail,5.749694921618324,5.773642464917633,-0.02394754329930926,-0.006831532454259954,False
recency,continuous,,No E-Mail,Womens E-Mail,5.749694921618324,5.767849628278861,-0.0181547066605372,-0.005180013205688683,False
recency,continuous,,Mens E-Mail,Womens E-Mail,5.773642464917633,5.767849628278861,0.005792836638772059,0.0016491266166754931,False
history,continuous,,No E-Mail,Mens E-Mail,240.8826532432179,242.83593091472284,-1.9532776715049351,-0.00761286832154239,False
history,continuous,,No E-Mail,Womens E-Mail,240.8826532432179,242.53663346892975,-1.653980225711848,-0.006510722458553667,False
history,continuous,,Mens E-Mail,Womens E-Mail,242.83593091472284,242.53663346892975,0.29929744579308704,0.0011607131531366143,False
mens,categorical,0,No E-Mail,Mens E-Mail,0.4467755561813574,0.44905430140329466,-0.002278745221937273,,False
mens,categorical,0,No E-Mail,Womens E-Mail,0.4467755561813574,0.45106840604105297,-0.00429284985969558,,False
mens,categorical,0,Mens E-Mail,Womens E-Mail,0.44905430140329466,0.45106840604105297,-0.002014104637758307,,False
mens,categorical,1,No E-Mail,Mens E-Mail,0.5532244438186427,0.5509456985967053,0.002278745221937384,,False
mens,categorical,1,No E-Mail,Womens E-Mail,0.5532244438186427,0.548931593958947,0.004292849859695691,,False
mens,categorical,1,Mens E-Mail,Womens E-Mail,0.5509456985967053,0.548931593958947,0.002014104637758307,,False
womens,categorical,0,No E-Mail,Mens E-Mail,0.45236083732281984,0.44858497207490494,0.0037758652479149,,False
womens,categorical,0,No E-Mail,Womens E-Mail,0.45236083732281984,0.44989947164165145,0.0024613656811683926,,False
womens,categorical,0,Mens E-Mail,Womens E-Mail,0.44858497207490494,0.44989947164165145,-0.0013144995667465076,,False
womens,categorical,1,No E-Mail,Mens E-Mail,0.5476391626771802,0.551415027925095,-0.0037758652479148447,,False
womens,categorical,1,No E-Mail,Womens E-Mail,0.5476391626771802,0.5501005283583486,-0.0024613656811683926,,False
womens,categorical,1,Mens E-Mail,Womens E-Mail,0.551415027925095,0.5501005283583486,0.001314499566746452,,False
newbie,categorical,0,No E-Mail,Mens E-Mail,0.49802872430301326,0.4984746796827334,-0.0004459553797201421,,False
newbie,categorical,0,No E-Mail,Womens E-Mail,0.49802872430301326,0.4967503623696638,0.001278361933349459,,False
newbie,categorical,0,Mens E-Mail,Womens E-Mail,0.4984746796827334,0.4967503623696638,0.001724317313069601,,False
newbie,categorical,1,No E-Mail,Mens E-Mail,0.5019712756969867,0.5015253203172666,0.0004459553797201421,,False
newbie,categorical,1,No E-Mail,Womens E-Mail,0.5019712756969867,0.5032496376303361,-0.0012783619333494034,,False
newbie,categorical,1,Mens E-Mail,Womens E-Mail,0.5015253203172666,0.5032496376303361,-0.0017243173130695455,,False
zip_code,categorical,Rural,No E-Mail,Mens E-Mail,0.14732939078193935,0.1522035011967898,-0.004874110414850447,,False
zip_code,categorical,Rural,No E-Mail,Womens E-Mail,0.14732939078193935,0.14873521297984757,-0.0014058221979082186,,False
zip_code,categorical,Rural,Mens E-Mail,Womens E-Mail,0.1522035011967898,0.14873521297984757,0.003468288216942228,,False
zip_code,categorical,Surburban,No E-Mail,Mens E-Mail,0.4517506805594668,0.44590979490308347,0.0058408856563833544,,False
zip_code,categorical,Surburban,No E-Mail,Womens E-Mail,0.4517506805594668,0.45120867816898114,0.0005420023904856852,,False
zip_code,categorical,Surburban,Mens E-Mail,Womens E-Mail,0.44590979490308347,0.45120867816898114,-0.005298883265897669,,False
zip_code,categorical,Urban,No E-Mail,Mens E-Mail,0.4009199286585938,0.4018867039001267,-0.0009667752415328801,,False
zip_code,categorical,Urban,No E-Mail,Womens E-Mail,0.4009199286585938,0.40005610885117127,0.0008638198074225611,,False
zip_code,categorical,Urban,Mens E-Mail,Womens E-Mail,0.4018867039001267,0.40005610885117127,0.0018305950489554412,,False
channel,categorical,Multichannel,No E-Mail,Mens E-Mail,0.12231296348446447,0.1209461679260337,0.001366795558430764,,False
channel,categorical,Multichannel,No E-Mail,Womens E-Mail,0.12231296348446447,0.12058727264225931,0.0017256908422051548,,False
channel,categorical,Multichannel,Mens E-Mail,Womens E-Mail,0.1209461679260337,0.12058727264225931,0.00035889528377439084,,False
channel,categorical,Phone,No E-Mail,Mens E-Mail,0.4377640101379893,0.43366029943211154,0.004103710705877783,,False
channel,categorical,Phone,No E-Mail,Womens E-Mail,0.4377640101379893,0.4420442324776733,-0.004280222339684003,,False
channel,categorical,Phone,Mens E-Mail,Womens E-Mail,0.43366029943211154,0.4420442324776733,-0.008383933045561787,,False
channel,categorical,Web,No E-Mail,Mens E-Mail,0.4399230263775462,0.4453935326418548,-0.005470506264308561,,False
channel,categorical,Web,No E-Mail,Womens E-Mail,0.4399230263775462,0.43736849488006735,0.0025545314974788624,,False
channel,categorical,Web,Mens E-Mail,Womens E-Mail,0.4453935326418548,0.43736849488006735,0.008025037761787424,,False
history_segment,categorical,1) $0 - $100,No E-Mail,Mens E-Mail,0.3572702525110298,0.36250997324822826,-0.005239720737198472,,False
history_segment,categorical,1) $0 - $100,No E-Mail,Womens E-Mail,0.3572702525110298,0.3569458082012437,0.000324444309786065,,False
history_segment,categorical,1) $0 - $100,Mens E-Mail,Womens E-Mail,0.36250997324822826,0.3569458082012437,0.005564165046984537,,False
history_segment,categorical,2) $100 - $200,No E-Mail,Mens E-Mail,0.22697831596733314,0.22016238794762286,0.006815928019710288,,False
history_segment,categorical,2) $100 - $200,No E-Mail,Womens E-Mail,0.22697831596733314,0.22102211623883666,0.005956199728496481,,False
history_segment,categorical,2) $100 - $200,Mens E-Mail,Womens E-Mail,0.22016238794762286,0.22102211623883666,-0.0008597282912138071,,False
history_segment,categorical,3) $200 - $350,No E-Mail,Mens E-Mail,0.18980568853843988,0.1919556953114,-0.0021500067729601224,,False
history_segment,categorical,3) $200 - $350,No E-Mail,Womens E-Mail,0.18980568853843988,0.19427689718053023,-0.004471208642090357,,False
history_segment,categorical,3) $200 - $350,Mens E-Mail,Womens E-Mail,0.1919556953114,0.19427689718053023,-0.002321201869130235,,False
history_segment,categorical,4) $350 - $500,No E-Mail,Mens E-Mail,0.09969022810475922,0.09841836016332661,0.0012718679414326084,,False
history_segment,categorical,4) $350 - $500,No E-Mail,Womens E-Mail,0.09969022810475922,0.10230513863561977,-0.002614910530860548,,False
history_segment,categorical,4) $350 - $500,Mens E-Mail,Womens E-Mail,0.09841836016332661,0.10230513863561977,-0.0038867784722931564,,False
history_segment,categorical,5) $500 - $750,No E-Mail,Mens E-Mail,0.0775368440814794,0.07495189374384005,0.0025849503376393496,,False
history_segment,categorical,5) $500 - $750,No E-Mail,Womens E-Mail,0.0775368440814794,0.07771075887221209,-0.0001739147907326849,,False
history_segment,categorical,5) $500 - $750,Mens E-Mail,Womens E-Mail,0.07495189374384005,0.07771075887221209,-0.0027588651283720345,,False
history_segment,categorical,"6) $750 - $1,000",No E-Mail,Mens E-Mail,0.029193654369661128,0.030224808748298682,-0.0010311543786375547,,False
history_segment,categorical,"6) $750 - $1,000",No E-Mail,Womens E-Mail,0.029193654369661128,0.027727123953803712,0.001466530415857415,,False
history_segment,categorical,"6) $750 - $1,000",Mens E-Mail,Womens E-Mail,0.030224808748298682,0.027727123953803712,0.00249768479449497,,False
history_segment,categorical,"7) $1,000 +",No E-Mail,Mens E-Mail,0.019525016427297474,0.021776880837283522,-0.002251864409986048,,False
history_segment,categorical,"7) $1,000 +",No E-Mail,Womens E-Mail,0.019525016427297474,0.020012156917753775,-0.00048714049045630106,,False
history_segment,categorical,"7) $1,000 +",Mens E-Mail,Womens E-Mail,0.021776880837283522,0.020012156917753775,0.0017647239195297468,,False
